<?xml version="1.0" encoding="utf-8"?>
<vip_object xmlns:xsi="http://www.w3.org/2001/XMLSchema-instance" xsi:noNamespaceSchemaLocation="http://election-info-standard.googlecode.com/files/election_spec_v3.0.xsd" schemaVersion="3.0">
<ballot id="80001">
  <candidate_id>90001</candidate_id>
  <candidate_id>90002</candidate_id>
  <candidate_id>90003</candidate_id>
</ballot>
<ballot id="80002">
  <candidate_id>90004</candidate_id>
  <candidate_id>90005</candidate_id>
</ballot>
<ballot id="80003">
  <candidate_id>90006</candidate_id>
  <candidate_id>90007</candidate_id>
</ballot>
<ballot id="80006">
  <referendum_id>90011</referendum_id>
</ballot>
<ballot id="80004">
  <candidate_id>90008</candidate_id>
  <candidate_id>90009</candidate_id>
</ballot>
<ballot id="80007">
  <custom_ballot_id>90012</custom_ballot_id>
  <write_in>no</write_in>
</ballot>
<ballot id="80005">
  <candidate_id>90010</candidate_id>
</ballot>
<ballot_line_result id="91008" certification="certified">
  <contest_id>60004</contest_id>
  <jurisdiction_id>70003</jurisdiction_id>
  <entire_district>yes</entire_district>
  <candidate_id>90008</candidate_id>
  <votes>510</votes>
  <victorious>yes</victorious>
</ballot_line_result>
<ballot_line_result id="91009" certification="certified">
  <contest_id>60004</contest_id>
  <jurisdiction_id>70003</jurisdiction_id>
  <entire_district>yes</entire_district>
  <candidate_id>90009</candidate_id>
  <votes>490</votes>
  <victorious>no</victorious>
</ballot_line_result>
<ballot_line_result id="62006" certification="certified">
  <contest_id>60006</contest_id>
  <jurisdiction_id>10103</jurisdiction_id>
  <entire_district>no</entire_district>
  <ballot_response_id>120001</ballot_response_id>
  <votes>150</votes>
</ballot_line_result>
<ballot_line_result id="63006" certification="certified">
  <contest_id>60006</contest_id>
  <jurisdiction_id>10103</jurisdiction_id>
  <entire_district>no</entire_district>
  <ballot_response_id>120002</ballot_response_id>
  <votes>100</votes>
</ballot_line_result>
<ballot_response id="120001">
  <text>Yes</text>
  <text>1</text>
</ballot_response>
<ballot_response id="120002">
  <text>No</text>
  <text>2</text>
</ballot_response>
<candidate id="90001">
  <name>Daniel Berlin</name>
  <party>Democrat</party>
  <candidate_url>http://www.dberlin.org</candidate_url>
  <biography>Daniel Berlin grew up somewhere</biography>
  <phone>123-456-7890</phone>
  <photo_url>http://www.dberlin.org/dannyb.jpg</photo_url>
  <filed_mailing_address>
    <line1>123 Fake St.</line1>
    <city>Rockville</city>
    <state>OH</state>
    <zip>20852</zip>
  </filed_mailing_address>
  <email>dberlin@example.com</email>
  <sort_order>1</sort_order>
</candidate>
<candidate id="90002">
  <name>Berlin Opponent</name>
  <party>Republican</party>
  <sort_order>2</sort_order>
</candidate>
<candidate id="90003">
  <name>Third Party Person</name>
  <party>Libertarian</party>
  <sort_order>3</sort_order>
</candidate>
<candidate id="90004">
  <name>Goodie Lawyer</name>
  <party>Democrat</party>
</candidate>
<candidate id="90005">
  <name>Betty Lawschool</name>
  <party>Republican</party>
</candidate>
<candidate id="90006">
  <name>Goodie Liberal</name>
  <party>Democrat</party>
</candidate>
<candidate id="90007">
  <name>Carl Moderation</name>
  <party>Democrat</party>
</candidate>
<candidate id="90008">
  <name>Justin Fication</name>
</candidate>
<candidate id="90009">
  <name>Count E. Betterer</name>
</candidate>
<candidate id="90010">
  <name>Runner Solo</name>
</candidate>
<contest id="60001">
  <type>general</type>
  <partisan>yes</partisan>
  <office>State Treasurer</office>
  <filing_date>2012-05-10</filing_date>
  <ballot_placement>1</ballot_placement>
  <election_id>1</election_id>
  <electoral_district_id>70001</electoral_district_id>
  <ballot_id>80001</ballot_id>
</contest>
<contest id="60002">
  <type>general</type>
  <partisan>yes</partisan>
  <office>Attorney General</office>
  <ballot_placement>2</ballot_placement>
  <election_id>1</election_id>
  <electoral_district_id>70001</electoral_district_id>
  <ballot_id>80002</ballot_id>
</contest>
<contest id="60007">
  <type>judge retention</type>
  <partisan>no</partisan>
  <ballot_placement>5</ballot_placement>
  <election_id>1</election_id>
  <electoral_district_id>70003</electoral_district_id>
  <ballot_id>80007</ballot_id>
</contest>
<contest id="60005">
  <type>general</type>
  <partisan>no</partisan>
  <office>County Supervisor At Large</office>
  <number_elected>2</number_elected>
  <number_voting_for>2</number_voting_for>
  <ballot_placement>4</ballot_placement>
  <election_id>1</election_id>
  <electoral_district_id>70003</electoral_district_id>
  <ballot_id>80005</ballot_id>
</contest>
<contest id="60003">
  <type>primary</type>
  <partisan>yes</partisan>
  <primary_party>Democrat</primary_party>
  <electorate_specifications>All voters registered in the Democratic Party by October 20th, 2012.</electorate_specifications>
  <special>yes</special>
  <office>State Senate</office>
  <ballot_placement>3</ballot_placement>
  <election_id>1</election_id>
  <electoral_district_id>70002</electoral_district_id>
  <ballot_id>80003</ballot_id>
</contest>
<contest id="60004">
  <type>general</type>
  <partisan>no</partisan>
  <office>County Commisioner</office>
  <ballot_placement>4</ballot_placement>
  <election_id>1</election_id>
  <electoral_district_id>70003</electoral_district_id>
  <ballot_id>80004</ballot_id>
</contest>
<contest id="60006">
  <type>referendum</type>
  <partisan>no</partisan>
  <ballot_placement>6</ballot_placement>
  <election_id>1</election_id>
  <electoral_district_id>70003</electoral_district_id>
  <ballot_id>80006</ballot_id>
</contest>
<contest_result id="61006" certification="certified">
  <contest_id>60006</contest_id>
  <jurisdiction_id>10103</jurisdiction_id>
  <entire_district>no</entire_district>
  <total_votes>250</total_votes>
</contest_result>
<contest_result id="61004" certification="certified">
  <contest_id>60004</contest_id>
  <jurisdiction_id>70003</jurisdiction_id>
  <entire_district>yes</entire_district>
  <total_votes>1002</total_votes>
  <total_valid_votes>1000</total_valid_votes>
  <overvotes>1</overvotes>
  <blank_votes>1</blank_votes>
  <accepted_provisional_votes>1</accepted_provisional_votes>
  <rejected_votes>2</rejected_votes>
</contest_result>
<custom_ballot id="90012">
  <heading>Should Judge Carlton Smith be retained?</heading>
  <ballot_response_id>120001</ballot_response_id>
  <ballot_response_id>120002</ballot_response_id>
</custom_ballot>
<early_vote_site id="30204">
  <name>Springfield Ballot Drop</name>
  <address>
    <line1>321 Main St.</line1>
    <city>Springfield</city>
    <state>OH</state>
    <zip>44444</zip>
  </address>
  <directions>Next to Post Office.</directions>
  <voter_services>Ballot drop only</voter_services>
  <start_date>2012-10-01</start_date>
  <end_date>2012-11-06</end_date>
  <days_times_open>Open all days, all times.</days_times_open>
</early_vote_site>
<early_vote_site id="30203">
  <name>Adams Early Vote Center</name>
  <address>
    <location_name>Adams County Government Center</location_name>
    <line1>321 Main St.</line1>
    <line2>Suite 200</line2>
    <city>Adams</city>
    <state>OH</state>
    <zip>42224</zip>
  </address>
  <directions>Follow signs to early vote</directions>
  <voter_services>Early voting is available.</voter_services>
  <start_date>2012-10-01</start_date>
  <end_date>2012-11-04</end_date>
  <days_times_open>Mon-Fri: 9am - 6pm. Sat. and Sun.: 10am - 7pm.</days_times_open>
</early_vote_site>
<election id="1">
  <date>2012-11-06</date>
  <election_type>Federal</election_type>
  <statewide>yes</statewide>
  <registration_info>http://www.sos.state.oh.us/sos/PublicAffairs/VoterInfoGuide.aspx?Section=14</registration_info>
  <absentee_ballot_info>http://www.sos.state.oh.us/sos/PublicAffairs/VoterInfoGuide.aspx?Section=16</absentee_ballot_info>
  <results_url>http://www.sos.state.oh.us/sos/ElectionsVoter/electionResults.aspx</results_url>
  <polling_hours>7am-8pm</polling_hours>
  <election_day_registration>no</election_day_registration>
  <registration_deadline>2012-10-01</registration_deadline>
  <absentee_request_deadline>2012-11-01</absentee_request_deadline>
  <state_id>39</state_id>
</election>
<election_administration id="3456">
  <eo_id>3457</eo_id>
  <ovc_id>3458</ovc_id>
  <physical_address>
    <location_name>Government Center</location_name>
    <line1>12 Chad Ct.</line1>
    <city>Columbus</city>
    <state>OH</state>
    <zip>33333</zip>
  </physical_address>
  <mailing_address>
    <line1>P.O. Box 1776</line1>
    <city>Columbus</city>
    <state>OH</state>
    <zip>33333</zip>
  </mailing_address>
  <elections_url>http://www.sos.state.oh.us/sos/ElectionsVoter/ohioElections.aspx</elections_url>
  <registration_url>http://www.elections.oh.us/register.html</registration_url>
  <am_i_registered_url>http://www.elections.oh.us/check_reg.html</am_i_registered_url>
  <absentee_url>http://www.elections.oh.us/early_absentee.html</absentee_url>
  <where_do_i_vote_url>http://www.elections.oh.us/where_vote.html</where_do_i_vote_url>
  <what_is_on_my_ballot_url>http://www.elections.oh.us/ballot_guide.html</what_is_on_my_ballot_url>
  <rules_url>http://codes.ohio.gov/orc/35</rules_url>
  <voter_services>Early voting and absentee ballot request are available beginning October 1. Voter registration is always available.</voter_services>
  <hours>M-F 9am-6pm Sat 9am-Noon</hours>
</election_administration>
<election_official id="3457">
  <name>Robert Smith</name>
  <phone>(101) 555-1212</phone>
  <fax>(101) 555-1213</fax>
  <email>rsmith@ohio.gov</email>
</election_official>
<election_official id="3458">
  <name>Roberta Smith</name>
  <title>Head of Elections</title>
  <phone>(101) 555-1212</phone>
  <fax>(101) 555-1213</fax>
  <email>rsmith@ohio.gov</email>
</election_official>
<election_official id="1555122">
  <name>Alissa P. Hacker</name>
  <title>Information Technology Specialist</title>
  <phone>(101) 555-1235</phone>
  <fax>(101) 555-1236</fax>
  <email>ahacker@ohio.gov</email>
</election_official>
<election_official id="3459">
  <name>Robert Miller</name>
  <title>Overseas Voter Contact</title>
  <phone>(101) 555-1215</phone>
  <fax>(101) 555-1216</fax>
  <email>rmiller@ohio.gov</email>
</election_official>
<electoral_district id="70003">
  <name>Ashland County</name>
  <type>County</type>
</electoral_district>
<electoral_district id="70001">
  <name>statewide</name>
  <type>statewide</type>
</electoral_district>
<electoral_district id="70002">
  <name>SD-13</name>
  <type>State Senate</type>
</electoral_district>
<locality id="103">
  <name>Ashland</name>
  <type>county</type>
  <state_id>39</state_id>
</locality>
<locality id="101">
  <name>Adams</name>
  <type>county</type>
  <state_id>39</state_id>
  <early_vote_site_id>30203</early_vote_site_id>
</locality>
<locality id="102">
  <name>Allen</name>
  <type>county</type>
  <state_id>39</state_id>
</locality>
<polling_location id="20201">
  <address>
    <location_name>Bath Firehouse Church</location_name>
    <line1>123 State St.</line1>
    <city>Bath</city>
    <state>OH</state>
    <zip>33333</zip>
  </address>
  <directions>Enter through big red door.</directions>
</polling_location>
<polling_location id="20121">
  <address>
    <location_name>Springfield Elementary</location_name>
    <line1>123 Main St.</line1>
    <city>Fake Twp</city>
    <state>OH</state>
    <zip>33333</zip>
  </address>
  <directions>Enter through gym door.</directions>
  <polling_hours>7:30am-8:30pm</polling_hours>
</polling_location>
<polling_location id="20301">
  <address>
    <location_name>Ashland City High School</location_name>
    <line1>123 Center St.</line1>
    <city>Ashland</city>
    <state>OH</state>
    <zip>33333</zip>
  </address>
  <directions>Enter at main doors and take a left.</directions>
</polling_location>
<polling_location id="20122">
  <address>
    <location_name>Adams Church</location_name>
    <line1>123 Main St.</line1>
    <city>Adams</city>
    <state>OH</state>
    <zip>33333</zip>
  </address>
  <directions>Enter through door by parking lot.</directions>
  <photo_url>http://www.seo.gov/photo20122.jpg</photo_url>
</polling_location>
<precinct id="10203">
  <name>Rural Twp Mail In</name>
  <mail_only>yes</mail_only>
  <locality_id>102</locality_id>
  <electoral_district_id>70001</electoral_district_id>
  <electoral_district_id>70002</electoral_district_id>
  <early_vote_site_id>30204</early_vote_site_id>
</precinct>
<precinct id="10301">
  <name>1-A</name>
  <ward>1</ward>
  <locality_id>103</locality_id>
  <electoral_district_id>70001</electoral_district_id>
  <electoral_district_id>70003</electoral_district_id>
  <polling_location_id>20301</polling_location_id>
</precinct>
<precinct id="10202">
  <name>Bath Twp B</name>
  <locality_id>102</locality_id>
  <electoral_district_id>70001</electoral_district_id>
  <electoral_district_id>70002</electoral_district_id>
  <polling_location_id>20201</polling_location_id>
</precinct>
<precinct id="10102">
  <name>Psuedo Twp</name>
  <locality_id>101</locality_id>
  <electoral_district_id>70001</electoral_district_id>
  <electoral_district_id>70002</electoral_district_id>
  <electoral_district_id>70003</electoral_district_id>
  <polling_location_id>20122</polling_location_id>
</precinct>
<precinct id="10201">
  <name>Bath Twp A</name>
  <locality_id>102</locality_id>
  <electoral_district_id>70001</electoral_district_id>
  <electoral_district_id>70002</electoral_district_id>
  <polling_location_id>20201</polling_location_id>
</precinct>
<precinct id="10101">
  <name>Fake Twp</name>
  <locality_id>101</locality_id>
  <electoral_district_id>70001</electoral_district_id>
  <electoral_district_id>70003</electoral_district_id>
  <polling_location_id>20121</polling_location_id>
</precinct>
<precinct id="10103">
  <name>SharesTwoOtherLocations Twp</name>
  <locality_id>101</locality_id>
  <electoral_district_id>70001</electoral_district_id>
  <electoral_district_id>70003</electoral_district_id>
  <polling_location_id>20121</polling_location_id>
  <polling_location_id>20122</polling_location_id>
</precinct>
<precinct id="10302">
  <name>1-B</name>
  <ward>1</ward>
  <locality_id>103</locality_id>
  <electoral_district_id>70001</electoral_district_id>
  <electoral_district_id>70002</electoral_district_id>
  <polling_location_id>20301</polling_location_id>
</precinct>
<precinct_split id="30101">
  <name>Fake Twp-A</name>
  <precinct_id>10101</precinct_id>
  <electoral_district_id>70001</electoral_district_id>
  <electoral_district_id>70002</electoral_district_id>
  <ballot_style_image_url>http://www.example.com/precinct_split_101_ballot.pdf</ballot_style_image_url>
</precinct_split>
<precinct_split id="30102">
  <name>Fake Twp-B</name>
  <precinct_id>10101</precinct_id>
  <electoral_district_id>70001</electoral_district_id>
  <electoral_district_id>70003</electoral_district_id>
</precinct_split>
<referendum id="90011">
  <title>Proposition 37</title>
  <subtitle>A referendum to ban smoking indoors</subtitle>
  <brief>A yes vote is a vote to ban smoking indoors.</brief>
  <text>Shall the State of Ohio ... (full text of referendum as it appears on the ballot).</text>
  <pro_statement>Vote yes please</pro_statement>
  <con_statement>Vote no please</con_statement>
  <passage_threshold>three-fifths</passage_threshold>
  <effect_of_abstain>Abstaining has no effect</effect_of_abstain>
  <ballot_response_id>120001</ballot_response_id>
  <ballot_response_id>120002</ballot_response_id>
</referendum>
<source id="0">
  <name>State of Ohio</name>
  <date_time>2012-10-31T15:45:10</date_time>
  <description>The State of Ohio is the official source of eletion information in Ohio. This feed provides information on election dates, districts, offices, candidates, and precinct boundaries.</description>
  <organization_url>http://www.sos.state.oh.us/</organization_url>
  <tou_url>http://www.sos.state.oh.us/vipFeed/terms_of_use.html</tou_url>
  <vip_id>39</vip_id>
  <feed_contact_id>1555122</feed_contact_id>
</source>
<state id="39">
  <name>Ohio</name>
  <election_administration_id>3456</election_administration_id>
</state>
<street_segment id="1210001">
  <start_house_number>1</start_house_number>
  <end_house_number>10</end_house_number>
  <odd_even_both>both</odd_even_both>
  <non_house_address>
    <street_direction>E</street_direction>
    <street_name>Guinevere</street_name>
    <street_suffix>Dr</street_suffix>
    <address_direction>SE</address_direction>
    <apartment>616S</apartment>
    <city>Annandale</city>
    <state>VA</state>
    <zip>22003</zip>
  </non_house_address>
  <precinct_id>10101</precinct_id>
</street_segment>
<street_segment id="1210002">
  <start_house_number>1</start_house_number>
  <end_house_number>9</end_house_number>
  <odd_even_both>odd</odd_even_both>
  <non_house_address>
    <street_name>Main</street_name>
    <street_suffix>Dr</street_suffix>
    <city>Annandale</city>
    <state>VA</state>
    <zip>22003</zip>
  </non_house_address>
  <precinct_id>10101</precinct_id>
  <precinct_split_id>30102</precinct_split_id>
</street_segment>
<street_segment id="1210003">
  <start_house_number>2</start_house_number>
  <end_house_number>2</end_house_number>
  <odd_even_both>both</odd_even_both>
  <non_house_address>
    <house_number_prefix>NW</house_number_prefix>
    <house_number_suffix>A</house_number_suffix>
    <street_name>Main</street_name>
    <street_suffix>Dr</street_suffix>
    <city>Annandale</city>
    <state>VA</state>
    <zip>22003</zip>
  </non_house_address>
  <precinct_id>10102</precinct_id>
</street_segment>
<street_segment id="1210004">
  <end_house_number>9999999</end_house_number>
  <odd_even_both>both</odd_even_both>
  <non_house_address>
    <street_name>*</street_name>
    <city>Rural</city>
    <state>OH</state>
    <zip>43321</zip>
  </non_house_address>
  <precinct_id>10203</precinct_id>
</street_segment>
</vip_object>